Model,Accuracy,Precision,Recall,F1-Score,Log Loss
Logistic Regression,0.8415841584158416,0.8473225700948473,0.8415841584158416,0.8387861397427528,0.44914838198965734
Random Forest,0.8613861386138614,0.8684080250130276,0.8613861386138614,0.859922834388702,0.3883169756059014
XGBoost,0.8514851485148515,0.8600067437084266,0.8514851485148515,0.8504162916291629,0.4489119542143762
Calibrated XGBoost,0.8514851485148515,0.8586330168999714,0.8514851485148515,0.8502714633165445,0.42097458548841526
